{"cameraMode":{"drawMode":0,"name":"Shaded","section":"Shading Mode"},"sceneLighting":false,"audioPlay":false,"sceneViewState":{"m_AlwaysRefresh":false,"showFog":true,"showSkybox":false,"showFlares":true,"showImageEffects":true,"showParticleSystems":true,"showVisualEffectGraphs":true,"m_FxEnabled":true},"in2DMode":false,"pivot":{"x":0.00470617413520813,"y":1.1856926679611207,"z":75.01775360107422},"rotation":{"x":0.0826544463634491,"y":0.22472672164440156,"z":-0.01894199661910534,"w":0.9708110690116882},"size":1.1397560834884644,"orthographic":false}