{"cameraMode":{"drawMode":0,"name":"Shaded","section":"Shading Mode"},"sceneLighting":true,"audioPlay":false,"sceneViewState":{"m_AlwaysRefresh":false,"showFog":true,"showSkybox":true,"showFlares":true,"showImageEffects":true,"showParticleSystems":true,"showVisualEffectGraphs":true,"m_FxEnabled":true},"in2DMode":false,"pivot":{"x":-15.828385353088379,"y":-3.603947877883911,"z":105.2399673461914},"rotation":{"x":0.033832572400569919,"y":-0.057167913764715198,"z":0.0019489832920953632,"w":0.9978737831115723},"size":60.471343994140628,"orthographic":false}