{"cameraMode":{"drawMode":0,"name":"Shaded","section":"Shading Mode"},"sceneLighting":false,"audioPlay":false,"sceneViewState":{"m_AlwaysRefresh":false,"showFog":false,"showSkybox":false,"showFlares":false,"showImageEffects":false,"showParticleSystems":false,"showVisualEffectGraphs":true,"m_FxEnabled":true},"in2DMode":false,"pivot":{"x":0.000001430511474609375,"y":0.8942632675170898,"z":-0.01896706223487854},"rotation":{"x":0.16849207878112794,"y":0.7194491624832153,"z":-0.18695510923862458,"w":0.6474716663360596},"size":0.8561333417892456,"orthographic":false}